<?xml version="1.0" encoding="UTF-8"?>
<con:soapui-project id="6b8d7ddc-5ac5-464e-b182-a329a4773675" activeEnvironment="Default" name="TimeSheetApp" resourceRoot="" soapui-version="5.3.0" abortOnError="false" runType="SEQUENTIAL" xmlns:con="http://eviware.com/soapui/config"><con:settings/><con:interface xsi:type="con:RestService" id="8d0ca9b8-88cc-47a1-80fe-dadf59ff6d46" wadlVersion="http://wadl.dev.java.net/2009/02" name="AllEmployee" type="rest" xmlns:xsi="http://www.w3.org/2001/XMLSchema-instance"><con:settings/><con:definitionCache type="TEXT" rootPart=""/><con:endpoints><con:endpoint>https://shielded-harbor-21142.herokuapp.com</con:endpoint></con:endpoints><con:resource name="All" path="/employees/all" id="9e04728a-ce48-4b7b-ac0d-30990cb85fec"><con:settings/><con:parameters/><con:method name="All 1" id="b79a6843-4ed4-4ef7-812a-234d32489c84" method="GET"><con:settings/><con:parameters/><con:representation type="RESPONSE"><con:mediaType>application/json;charset=UTF-8</con:mediaType><con:status>200</con:status><con:params/><con:element>Response</con:element></con:representation><con:request name="Request 1" id="58aabad9-cd69-4dbc-bd1d-2162efe68627" mediaType="application/json"><con:settings><con:setting id="com.eviware.soapui.impl.wsdl.WsdlRequest@request-headers">&lt;xml-fragment/></con:setting></con:settings><con:endpoint>Get-AllEmployee</con:endpoint><con:request/><con:credentials><con:authType>No Authorization</con:authType></con:credentials><con:jmsConfig JMSDeliveryMode="PERSISTENT"/><con:jmsPropertyConfig/><con:parameters/></con:request></con:method></con:resource></con:interface><con:interface xsi:type="con:RestService" id="1b0828b8-ef90-45c6-9d68-65e27a2000b2" wadlVersion="http://wadl.dev.java.net/2009/02" name="Post-Employee" type="rest" xmlns:xsi="http://www.w3.org/2001/XMLSchema-instance"><con:settings/><con:definitionCache type="TEXT"/><con:endpoints><con:endpoint>https://shielded-harbor-21142.herokuapp.com</con:endpoint></con:endpoints><con:resource name="Create" path="/employees/create" id="d984cd39-fb2c-4508-96ce-c2741c231869"><con:settings/><con:parameters/><con:method name="Create 1" id="acabecce-d231-40c1-92f1-176927adce33" method="POST"><con:settings/><con:parameters/><con:representation type="RESPONSE"><con:mediaType xsi:nil="true"/><con:status>204</con:status><con:params/><con:element>data</con:element></con:representation><con:representation type="REQUEST"><con:mediaType>application/json</con:mediaType><con:params/></con:representation><con:representation type="RESPONSE"><con:mediaType xsi:nil="true"/><con:status>204</con:status><con:params/><con:element>data</con:element></con:representation><con:representation type="RESPONSE"><con:mediaType xsi:nil="true"/><con:status>204</con:status><con:params/><con:element>data</con:element></con:representation><con:representation type="RESPONSE"><con:mediaType xsi:nil="true"/><con:status>204</con:status><con:params/><con:element>data</con:element></con:representation><con:representation type="RESPONSE"><con:mediaType xsi:nil="true"/><con:status>204</con:status><con:params/><con:element>data</con:element></con:representation><con:representation type="RESPONSE"><con:mediaType xsi:nil="true"/><con:status>204</con:status><con:params/><con:element>data</con:element></con:representation><con:representation type="RESPONSE"><con:mediaType xsi:nil="true"/><con:status>204</con:status><con:params/><con:element>data</con:element></con:representation><con:representation type="RESPONSE"><con:mediaType xsi:nil="true"/><con:status>204</con:status><con:params/><con:element>data</con:element></con:representation><con:representation type="RESPONSE"><con:mediaType xsi:nil="true"/><con:status>204</con:status><con:params/><con:element>data</con:element></con:representation><con:representation type="RESPONSE"><con:mediaType xsi:nil="true"/><con:status>204</con:status><con:params/><con:element>data</con:element></con:representation><con:representation type="RESPONSE"><con:mediaType xsi:nil="true"/><con:status>204</con:status><con:params/><con:element>data</con:element></con:representation><con:representation type="RESPONSE"><con:mediaType xsi:nil="true"/><con:status>204</con:status><con:params/><con:element>data</con:element></con:representation><con:representation type="RESPONSE"><con:mediaType xsi:nil="true"/><con:status>204</con:status><con:params/><con:element>data</con:element></con:representation><con:representation type="RESPONSE"><con:mediaType xsi:nil="true"/><con:status>204</con:status><con:params/><con:element>data</con:element></con:representation><con:representation type="RESPONSE"><con:mediaType xsi:nil="true"/><con:status>204</con:status><con:params/><con:element>data</con:element></con:representation><con:representation type="FAULT"><con:mediaType>application/json;charset=UTF-8</con:mediaType><con:status>400</con:status><con:params/><con:element xmlns:cre="https://shielded-harbor-21142.herokuapp.com/employees/create">cre:Fault</con:element></con:representation><con:representation type="RESPONSE"><con:mediaType xsi:nil="true"/><con:status>204</con:status><con:params/><con:element>data</con:element></con:representation><con:representation type="RESPONSE"><con:mediaType xsi:nil="true"/><con:status>204</con:status><con:params/><con:element>data</con:element></con:representation><con:representation type="RESPONSE"><con:mediaType xsi:nil="true"/><con:status>204</con:status><con:params/><con:element>data</con:element></con:representation><con:representation type="RESPONSE"><con:mediaType xsi:nil="true"/><con:status>204</con:status><con:params/><con:element>data</con:element></con:representation><con:representation type="RESPONSE"><con:mediaType xsi:nil="true"/><con:status>204</con:status><con:params/><con:element>data</con:element></con:representation><con:representation type="RESPONSE"><con:mediaType xsi:nil="true"/><con:status>204</con:status><con:params/><con:element>data</con:element></con:representation><con:representation type="RESPONSE"><con:mediaType xsi:nil="true"/><con:status>204</con:status><con:params/><con:element>data</con:element></con:representation><con:representation type="RESPONSE"><con:mediaType xsi:nil="true"/><con:status>204</con:status><con:params/><con:element>data</con:element></con:representation><con:representation type="RESPONSE"><con:mediaType xsi:nil="true"/><con:status>204</con:status><con:params/><con:element>data</con:element></con:representation><con:request name="Request 1" id="93d7e09c-485e-436a-b2de-893d923aed81" mediaType="application/json" postQueryString="false"><con:settings><con:setting id="com.eviware.soapui.impl.wsdl.WsdlRequest@request-headers">&lt;xml-fragment/></con:setting></con:settings><con:endpoint>https://shielded-harbor-21142.herokuapp.com</con:endpoint><con:request>{  "email": "test@gmail.com",  "firstName": "Test",  "gender": "Test",  "lastName": "Test",  "role": "Tester"}</con:request><con:originalUri>https://shielded-harbor-21142.herokuapp.com/employees/create</con:originalUri><con:credentials><con:authType>No Authorization</con:authType></con:credentials><con:jmsConfig JMSDeliveryMode="PERSISTENT"/><con:jmsPropertyConfig/><con:parameters/></con:request></con:method></con:resource></con:interface><con:interface xsi:type="con:RestService" id="23f6792c-3ad2-494c-8c3e-3fdcdc87a6a7" wadlVersion="http://wadl.dev.java.net/2009/02" name="Delete-Employee" type="rest" xmlns:xsi="http://www.w3.org/2001/XMLSchema-instance"><con:settings/><con:definitionCache type="TEXT" rootPart=""/><con:endpoints><con:endpoint>https://shielded-harbor-21142.herokuapp.com</con:endpoint></con:endpoints><con:resource name="Delete" path="/employees/delete" id="b3f2cb91-90a4-496c-934e-aba9fabbd034"><con:settings/><con:parameters/><con:method name="Delete 1" id="a65e6104-52d4-451f-a163-206ff41b0305" method="DELETE"><con:settings/><con:parameters/><con:representation type="FAULT"><con:mediaType>application/json;charset=UTF-8</con:mediaType><con:status>500 404</con:status><con:params/><con:element xmlns:del="https://shielded-harbor-21142.herokuapp.com/employees/delete">del:Fault</con:element></con:representation><con:representation type="REQUEST"><con:mediaType>application/json</con:mediaType><con:params/></con:representation><con:representation type="RESPONSE"><con:mediaType xsi:nil="true"/><con:status>204</con:status><con:params/><con:element>data</con:element></con:representation><con:representation type="RESPONSE"><con:mediaType xsi:nil="true"/><con:status>204</con:status><con:params/><con:element>data</con:element></con:representation><con:representation type="RESPONSE"><con:mediaType xsi:nil="true"/><con:status>204</con:status><con:params/><con:element>data</con:element></con:representation><con:request name="Request 1" id="e79b5253-9d0f-4ef8-8814-32644fc2a3aa" mediaType="application/json" postQueryString="false"><con:settings><con:setting id="com.eviware.soapui.impl.wsdl.WsdlRequest@request-headers">&lt;xml-fragment/></con:setting></con:settings><con:endpoint>https://shielded-harbor-21142.herokuapp.com</con:endpoint><con:request/><con:credentials><con:authType>No Authorization</con:authType></con:credentials><con:jmsConfig JMSDeliveryMode="PERSISTENT"/><con:jmsPropertyConfig/><con:parameters/></con:request></con:method></con:resource></con:interface><con:testSuite id="c49036fd-263f-4b11-baa6-a490b800598b" name="TimeSheetApp-TestSuite"><con:settings/><con:runType>SEQUENTIAL</con:runType><con:testCase id="eaa766bc-6c23-467e-9803-a458b5fa59bf" failOnError="true" failTestCaseOnErrors="true" keepSession="false" maxResults="0" name="TimeSheetApp-TestCase" searchProperties="true"><con:settings/><con:testStep type="groovy" name="Static-EmpData-Post-TestStep" id="6af49001-1f9a-4792-8972-6837271b53a5"><con:settings/><con:config><script>def firstName = "Mojgan"
def lastName = "Akhavan"
def gender = "female"
def role = "Tester"
def email = "moj2@email.com"

log.info ("Employee firstName : " + " " + firstName)
log.info ("Employee lastName : " + " " + lastName)
log.info ("Employee gender : " + " " + gender)
log.info ("Employee role : " + " " + role)
log.info ("Employee email : " + " " + email)

com.eviware.soapui.SoapUI.globalProperties.setPropertyValue("firstName", firstName)
com.eviware.soapui.SoapUI.globalProperties.setPropertyValue("lastName", lastName)
com.eviware.soapui.SoapUI.globalProperties.setPropertyValue("gender", gender)
com.eviware.soapui.SoapUI.globalProperties.setPropertyValue("role", role)
com.eviware.soapui.SoapUI.globalProperties.setPropertyValue("email", email)</script></con:config></con:testStep><con:testStep type="restrequest" name="Post" id="11ca61dd-d0e5-4954-97db-f78761b20eb1"><con:settings/><con:config service="Post-Employee" methodName="Create 1" resourcePath="/employees/create" xsi:type="con:RestRequestStep" xmlns:xsi="http://www.w3.org/2001/XMLSchema-instance"><con:restRequest name="Post" id="50f1cfaa-92fc-4a4e-8508-7bb925e0eda5" mediaType="application/json" postQueryString="false"><con:settings><con:setting id="com.eviware.soapui.impl.wsdl.WsdlRequest@request-headers">&lt;xml-fragment/></con:setting></con:settings><con:encoding>UTF-8</con:encoding><con:endpoint>https://shielded-harbor-21142.herokuapp.com</con:endpoint><con:request>{  
	"email": "${email}",
	"firstName": "${firstName}",
	"gender": "${gender}",
	"lastName": "${lastName}",
	"role": "${role}"
	}
</con:request><con:originalUri>https://shielded-harbor-21142.herokuapp.com/employees/create</con:originalUri><con:assertion type="Valid HTTP Status Codes" id="fa313735-e289-4f5c-9c37-a033c61b5107" name="Valid HTTP Status Codes"><con:configuration><codes>204</codes></con:configuration></con:assertion><con:credentials><con:authType>No Authorization</con:authType></con:credentials><con:jmsConfig JMSDeliveryMode="PERSISTENT"/><con:jmsPropertyConfig/><con:parameters/></con:restRequest></con:config></con:testStep><con:testStep type="restrequest" name="Get-AllEmployee" id="4c357743-a128-4e8c-820a-0c6bc446776d"><con:settings/><con:config service="AllEmployee" methodName="All 1" resourcePath="/employees/all" xsi:type="con:RestRequestStep" xmlns:xsi="http://www.w3.org/2001/XMLSchema-instance"><con:restRequest name="Get-AllEmployee" id="3c15f864-a10f-4fc8-bdee-d01d4f354807" mediaType="application/json"><con:settings><con:setting id="com.eviware.soapui.impl.wsdl.WsdlRequest@request-headers">&lt;xml-fragment/></con:setting></con:settings><con:encoding>UTF-8</con:encoding><con:endpoint>https://shielded-harbor-21142.herokuapp.com</con:endpoint><con:request/><con:originalUri>https://shielded-harbor-21142.herokuapp.com/employees/all</con:originalUri><con:assertion type="Simple Contains" id="b4a03e00-539d-4413-b906-b90b297e061e" name="Contains"><con:configuration><token>developer</token><ignoreCase>true</ignoreCase><useRegEx>false</useRegEx></con:configuration></con:assertion><con:assertion type="Valid HTTP Status Codes" id="362dc57c-9c8f-4c01-81bd-a80032271e9f" name="Valid HTTP Status Codes"><con:configuration><codes>200</codes></con:configuration></con:assertion><con:credentials><con:authType>No Authorization</con:authType></con:credentials><con:jmsConfig JMSDeliveryMode="PERSISTENT"/><con:jmsPropertyConfig/><con:parameters/></con:restRequest></con:config></con:testStep><con:testStep type="restrequest" name="Delete-Employee" id="378ff9cd-56ca-4e09-b9a6-b7f5abda9b98"><con:settings/><con:config service="Delete-Employee" resourcePath="/employees/delete" methodName="Delete 1" xsi:type="con:RestRequestStep" xmlns:xsi="http://www.w3.org/2001/XMLSchema-instance"><con:restRequest name="Delete-Employee" id="e79b5253-9d0f-4ef8-8814-32644fc2a3aa" mediaType="application/json" postQueryString="false"><con:settings><con:setting id="com.eviware.soapui.impl.wsdl.WsdlRequest@request-headers">&lt;xml-fragment/></con:setting></con:settings><con:endpoint>https://shielded-harbor-21142.herokuapp.com</con:endpoint><con:request>{  
	"email": "${email}",
	"firstName": "${firstName}",
	"gender": "${gender}",
	"lastName": "${lastName}",
	"role": "${role}"
	}
</con:request><con:originalUri>https://shielded-harbor-21142.herokuapp.com/employees/delete</con:originalUri><con:assertion type="Valid HTTP Status Codes" id="e39e3e07-b932-4485-b5db-9885127fab67" name="Valid HTTP Status Codes"><con:configuration><codes>204</codes></con:configuration></con:assertion><con:credentials><con:authType>No Authorization</con:authType></con:credentials><con:jmsConfig JMSDeliveryMode="PERSISTENT"/><con:jmsPropertyConfig/><con:parameters/></con:restRequest></con:config></con:testStep><con:properties/></con:testCase><con:properties/></con:testSuite><con:properties/><con:wssContainer/><con:oAuth2ProfileContainer/><con:oAuth1ProfileContainer/><con:sensitiveInformation/></con:soapui-project>